sentence_id,source,label,tfidf_logistic_regression_probability,tfidf_logistic_regression_prediction,pytorch_textcnn_probability,pytorch_textcnn_prediction,distilbert_probability,distilbert_prediction
sentence_03b6ce65b596ded4b77dc285976459577484deb92452101bff2b9f6c27971543,yelp,1,0.7201400091185067,1,0.32989925146102905,0,0.9948354,1
sentence_0429fb750b5c098074fae53203e65814193162a66a342ea5bd6be23a478d04c4,yelp,0,0.37999591416381356,0,0.27863895893096924,0,0.5856768,1
sentence_04d756071c80c66eab1548f15606633279a261209918a302986ce25c59634d0d,imdb,1,0.525530194514693,1,0.31147074699401855,0,0.9355156,1
sentence_05251c571aef8ad9d62672155fa15028e470bc69cd2861b6cc08080176bd8956,amazon,1,0.6636281904266095,1,0.4480085074901581,0,0.9954821,1
sentence_093efce8065e826ca099655be116f4b700c23db564c765b453b9acd9cff071d6,yelp,1,0.5563354455367834,1,0.4390265643596649,0,0.66063726,1
sentence_0eb3b630f4c52a0107a1c66c31a03b83701f43a11b35c7aced5a55f3a6c54bda,yelp,0,0.6410548110617753,1,0.7824452519416809,1,0.009986186,0
sentence_0edd39335c0467b900fa089319ca1fe77c3b2c24b3f48e2c7560186c17081503,amazon,1,0.6926757210723705,1,0.41371750831604004,0,0.99368757,1
sentence_0f08e16f080c6c6f9f686d14e10e0de5f07c653c094ddb48757696541be10d49,amazon,0,0.18693432108246572,0,0.542892575263977,1,0.012601658,0
sentence_0f810abbd49718d6c081293812102bf46d7dd9b7735369ce0f7d6e2af6b5ae02,imdb,1,0.6092308139004569,1,0.3604975640773773,0,0.98239845,1
sentence_129f6d85e278d0a33440b82d69b203e8a5b0f605e3d59772ee05f6b38f7cec24,yelp,1,0.4536641743608081,0,0.8659239411354065,1,0.9856483,1
sentence_1652d94767e4a5263a0591369ec4e2f64a77ec4d07ff38488d8d5664ad83c21b,amazon,0,0.43814308222320814,0,0.27849966287612915,0,0.9791256,1
sentence_1a2bcafd1eec2d9373e7a7958dba01d1f8ea6fae0dbfde17898af4fa0e6262ef,amazon,0,0.5323262483438734,1,0.7072829008102417,1,0.011355867,0
sentence_1ac853c385dbac734c17d360da6cf0d92a78c7c86aa9df53140561d5e5957019,yelp,1,0.4761555255469727,0,0.479665607213974,0,0.98426175,1
sentence_1c563fc5f5d4bf30f0bfe9c98772e3efb1b546c74fee887e23fb249a17c553cf,yelp,1,0.3036706348494795,0,0.3382366895675659,0,0.91119254,1
sentence_1d8845db9e6beb10133d7f5b00105f92485df80d7b4e18169dc347a6381de1e2,amazon,0,0.614985396595216,1,0.658778727054596,1,0.011207948,0
sentence_1f8927e4b0c70fbcf440b6b7d620b283bab23dd95b2c958972abb1c56c96e905,imdb,1,0.5074087029319758,1,0.17260247468948364,0,0.9952545,1
sentence_1fa1a4f8d3f0e3c13dea357f58ed11dd714b3a6c0a6410055446a69274fe25b6,yelp,0,0.7093405100790254,1,0.7400140762329102,1,0.020464204,0
sentence_218e40ef8c7c3c88d784f1687db8475bedac73e632d21d90892c47e08ca1825c,yelp,0,0.5246683762399946,1,0.8003958463668823,1,0.0108499015,0
sentence_24c1e53b499e3bc309ea17b6704d836fba6bfa1d74f19281812e8c4e2720a393,imdb,0,0.47719054341846245,0,0.6331776976585388,1,0.00853018,0
sentence_24f70565c08ee27440b3f510bd708d9e24782b1dd339cec1e69b8ae336721bb9,imdb,1,0.5784847962589275,1,0.4442439675331116,0,0.99491656,1
sentence_26e6a401999f711db58015055892c7465db883369c786c87d8cfb1984170ffed,yelp,1,0.6382171673618412,1,0.48925450444221497,0,0.993568,1
sentence_2c879084e22d8c38504f89dd4a7cf2ae194d4ee6f8ff6de6c9049b4ea2deac0b,yelp,1,0.6673577753190739,1,0.39959684014320374,0,0.99188095,1
sentence_2cfe1347def24dd6eebcc027bc6e842051baa594d2f319a92c815118b7294858,yelp,0,0.38150411851234434,0,0.5909591317176819,1,0.042376034,0
sentence_2dafca174c8cfa6cc9bd92286723ed7d68d8b81bcc47c52c10675960a1383509,amazon,0,0.513267108174991,1,0.7600179314613342,1,0.011181035,0
sentence_303571d86898e702fe320f04ff72e2b6f72ba733efd2762e6610cf08c01a172e,imdb,0,0.5687538767351463,1,0.8252937197685242,1,0.009705694,0
sentence_30af190a301f9851b28ec16a7c651e77f447958520960ae767e39334a00c0cf5,amazon,1,0.44506418927418095,0,0.5467880368232727,1,0.977896,1
sentence_30dedde0b3cd9e3e79dcfa373e27c210969212279008ead50809883fa3caa5be,yelp,1,0.5862817586071312,1,0.3715672791004181,0,0.7526907,1
sentence_311ed3af3b4aaf250af687416071d1a277478c17b2aa631b22e401c3fc05a744,amazon,0,0.5821272495408931,1,0.4972149431705475,0,0.010619765,0
sentence_32a41eb7a5bbb5b58091e9bf29fedfb4db990b0f7acb3e15b2d8d3e490d80144,imdb,0,0.416266923679162,0,0.5123653411865234,1,0.007959133,0
sentence_3305da73e3a93ea67b8148e9d463359806946ff5ff2384b73b1975671e3023eb,yelp,1,0.49384416017555977,0,0.37090450525283813,0,0.702944,1
sentence_33dd374bb5a03351010350892ed82aee565479d9765d43d6349fdc303ea9ee65,amazon,1,0.4740259707926111,0,0.39687299728393555,0,0.99297076,1
sentence_35133e30d84eecaa6d7ba64e94b14f391ebd03d52eb361b5b4afd884054e0c65,yelp,1,0.7162966883866358,1,0.49219170212745667,0,0.9939593,1
sentence_3535bd865e9183c989617960a555632aafd17ff3468060cca47a2e4efd96e95d,yelp,1,0.6768598650335212,1,0.41562119126319885,0,0.9958014,1
sentence_3562798ba1cadfb68976831008148e3eca89b3edc5f10f2ec67fd4bcfbdbeb1c,imdb,1,0.4779317999892091,0,0.04544927552342415,0,0.9924023,1
sentence_35d43bb99b707b4d9bf1056269e92f00eec12f84d7f9a67cc7fdfdaa7eca0569,amazon,1,0.670364259509649,1,0.49147894978523254,0,0.9872076,1
sentence_36c962149686a4ac516f10a625ad38c2d7a39498bd63c4dd0dd8298f0264f6cd,imdb,0,0.7805505750799057,1,0.6786636114120483,1,0.01269442,0
sentence_386b281f237ebe568301c04a92a23e7f5831dfdb5e57e753002fc9fc8b16d123,yelp,1,0.48510345987576287,0,0.516859233379364,1,0.9950966,1
sentence_387a46094516ccf25da83c2c47de2e1c3855802bf338d3e8f1fd5fe346478c8a,imdb,0,0.5262213802570974,1,0.16628991067409515,0,0.010636638,0
sentence_389a54faffe585664d089ebe702be617db6b68d2767293d2417a7528bae36bf4,yelp,1,0.8089408684297941,1,0.4949527680873871,0,0.9954659,1
sentence_3a79fc6586f496fefde5c78c294e27fcd483133333872b74e39d92fb03ca15c0,yelp,1,0.49276771751688564,0,0.21824872493743896,0,0.9931432,1
sentence_3aa630842fdfc65abeaabb83379f188be8bfa52910049437aff45bdacc4cdf1f,imdb,0,0.32928451336991543,0,0.20741607248783112,0,0.85563755,1
sentence_3b0e2d374d9b40a0fcca51030d42d85bfa5bee93d2a0688c60432194dd122804,amazon,0,0.518078823123704,1,0.08622989058494568,0,0.008309592,0
sentence_3c4171684acdbd1c7d0dd6415214b1fbe35b2f6e2ba47ef1dd5688d4772ab667,amazon,0,0.4142869806233458,0,0.5379546284675598,1,0.03119054,0
sentence_3c73021d7744078e2eddfcafd13871a05c54a50180f491c748f912caf8ab4805,amazon,0,0.3067855452946261,0,0.5096932649612427,1,0.75315523,1
sentence_3dfb172e36e578e4d8da10ea5a31aa602adc1f172130400e592d4bf66b3fcc76,imdb,0,0.55151032289242,1,0.623011589050293,1,0.009330128,0
sentence_40041ed3f105730b8bf6adc3dc658e6d2c15f9728c849504190df976a91e14d7,imdb,0,0.6043227917007936,1,0.2602439224720001,0,0.041162167,0
sentence_430117918ab643c886ac2ac043bbacb6dca9657a8a9b08134a30588a550bad82,yelp,0,0.23308092493313134,0,0.5832377076148987,1,0.021499373,0
sentence_471d008a247875b3ed57b746d82f2e4f51fa73a6871b9cf687cb826a4728c0d5,imdb,0,0.5246004266497081,1,0.4146862328052521,0,0.011285744,0
sentence_48ba9419292a95d11ebcd168980a494c37dc0d61d46f7cf945dab5f3226f92a1,imdb,1,0.6122712094994566,1,0.346733033657074,0,0.99354035,1
sentence_4910a918071adf0a539ab6c8decc4a748b633dc2041cf49126b0b403aa5d2dfb,amazon,0,0.2873791651080547,0,0.09301795065402985,0,0.98433304,1
sentence_4a57b77e83986710ee8862daaafc8301d6982f5ea8e05b3fce148b36b4e87156,imdb,0,0.7539929858981678,1,0.6555123925209045,1,0.01511252,0
sentence_4af0e6192a7cba6bfad3c57c5cb30a852df7ee82234d82bfd4a20b393392d2de,imdb,0,0.5262868403159817,1,0.7719414234161377,1,0.05963943,0
sentence_4b2662c6a91342a09f86ef19a5147aa2ba343b866b0eeb98be08b04c69689ffd,imdb,0,0.5778233414023737,1,0.6664328575134277,1,0.013639169,0
sentence_5003771fef6f3853fd3d9c07341051ad949edb316ef290b616cf43cebc1605b9,imdb,1,0.7019663311513443,1,0.4960281550884247,0,0.99098337,1
sentence_50b979daafd486efac96f17e167afa1c5f1ad1e77655348ffa23485e89964984,amazon,1,0.7827493669974994,1,0.29430055618286133,0,0.99516594,1
sentence_5317d64ffdde81b2eccb8a48572085b18e1c56b6627c6366a28ffe3eb452dd0f,imdb,1,0.6424308857569355,1,0.3516734838485718,0,0.99369794,1
sentence_532533ec6dcd26385158a565b5649ec7c6a7d4c64928bc2bca812081c0d57610,yelp,0,0.22948241416952755,0,0.5008454322814941,1,0.011035818,0
sentence_53ac66cf4cf2227d1f256a33d5510fd297711d7a8fb40c0f78fc4543c6870e0f,yelp,1,0.705088331391089,1,0.22474262118339539,0,0.9955428,1
sentence_54831eb331f087b9139be85e37c3a4483f489b53bd522f256763908e1bfe76a5,imdb,0,0.38520265326582975,0,0.7945238947868347,1,0.011815263,0
sentence_54aee27dbda19bdc357fa42359020b1277962037d8327251f56b8b28e504d728,imdb,1,0.6047694240519146,1,0.3785521984100342,0,0.9388645,1
sentence_55a693a0641596fdb68406dc6f91e1522bb063634b7a53c4ef9488e8b23818fb,yelp,0,0.5196460165410073,1,0.8387933373451233,1,0.012433255,0
sentence_55add1819ab1e7e7ebcad892447cc7349bee93b41cfc65b0226ba54daae9c946,amazon,0,0.4024667741487345,0,0.6916226744651794,1,0.00831612,0
sentence_563dbbe70ddd15021545975f27b0a84cae11e1a84d4c1f71941e5eedfc8cdbdd,yelp,0,0.39369718972896,0,0.7264114022254944,1,0.023702402,0
sentence_57812e79c8974eda019fb63fceb71156e87cd8ba9b929ecf140e83796e71c09e,amazon,1,0.4445052254412083,0,0.6640134453773499,1,0.44348878,0
sentence_58e8f5a1a508ff460d1a186672d178277174eef81bdf7b52e65f1a02d37f929b,imdb,0,0.4954658863684797,0,0.24574722349643707,0,0.95751536,1
sentence_59135319dede1250d529ce4bce87c7a8f9add1e4773b9803c415f5d136e91464,yelp,0,0.20590830078669042,0,0.11767824739217758,0,0.6988155,1
sentence_59c8963f9379dcc5b09f0523142fd8bc6c32269809dadd4cdd9d3c71f690b14a,amazon,1,0.33817841335799703,0,0.2563902735710144,0,0.988538,1
sentence_5c8421a3ab6cd50a4897eeeb4dd482788e9a63e049f40e944785a3c5ba542254,amazon,1,0.44811164626333105,0,0.3101501762866974,0,0.99284256,1
sentence_5c90ec633d7e44ccf60a6a8722d63a5588e8d4fd18e8eced668b9de741b73761,imdb,0,0.43505967667531964,0,0.8599962592124939,1,0.009772541,0
sentence_5d30d9b66a757fe4f6962c0da466b36b4143f153e9f0c02c1b8271bf8f98d9ca,amazon,1,0.40312858095320586,0,0.624116063117981,1,0.99397165,1
sentence_5f1d7631f8b4e0d3024dcd132c3f7c217610188616062816b63ad53ebc792f74,amazon,0,0.43668383650504883,0,0.7619138956069946,1,0.89846766,1
sentence_5ff112b1771789b58d9fc77df76b65fab2df39ccf1b84eda048096e21fe3242a,imdb,1,0.574774158493933,1,0.31046634912490845,0,0.99042434,1
sentence_63e42af4705b5208423711fd34ddc6589496652227dbadaefa442487514838a1,amazon,1,0.3818524159640657,0,0.7659107446670532,1,0.0121105015,0
sentence_642f8b410fe18ddf522066c23c4a77738cd2b9f06d09ccbfa5ea46ad4002b03f,amazon,1,0.44219709590617257,0,0.11704487353563309,0,0.99066645,1
sentence_65b9c153ccbbea70523a630a6a1afc2f7aa1f98faa3aabbe1e945497cc081ee4,yelp,0,0.398409810330128,0,0.5352598428726196,1,0.013895438,0
sentence_692c201080c3c4c0e5e88d4cee7c13866931f72838bc2b4a2207cbd0013d9eee,imdb,1,0.48721677776209416,0,0.6663393378257751,1,0.9917275,1
sentence_6ac1ab13087419a9fbd740797c3f5fdc39678d88fe90bd92c281ccb402c7b2eb,yelp,0,0.39220547200009503,0,0.734032928943634,1,0.48675388,0
sentence_6c2055058cb262238eff947ae683338a41b6af388b45aaa150f85526fe1a8431,imdb,0,0.6737920113900727,1,0.9055200219154358,1,0.009323344,0
sentence_6fb69dbdc7558ad91be6d7efa31d8be688885f88733c782ac60e3171662db54a,amazon,0,0.48205170278005677,0,0.5572123527526855,1,0.017098695,0
sentence_765283361a177f56b45cf39939a310f2984570f9f732436f0067cc6ea71d002c,yelp,0,0.46900103386277886,0,0.7993432879447937,1,0.016708683,0
sentence_7667da353cfe571eb6609e26411535ffb77f886ab39f1fa903891b88054fc475,imdb,1,0.5425668875445052,1,0.4900113344192505,0,0.55315864,1
sentence_7686a5eda0e937b4f02d7c8cbfb7efda74da2aeec7e5e45476c1b4d6b38d4871,amazon,0,0.45344245996776245,0,0.5287978053092957,1,0.014902738,0
sentence_76cee4751154a96dc8a7f879e96f73a1f46f12d579b3bcfa71a77d77067f8af9,imdb,0,0.5154095964826825,1,0.48126932978630066,0,0.00764239,0
sentence_7a633c61c5de8a1045f57b4f311dd073029543f782dd216f561605fbd311ea05,yelp,1,0.14627687716205853,0,0.12402407079935074,0,0.97774374,1
sentence_7dbc4829deffffea4ea618f8414617b949fce25abee0b0a3c80410c580064a79,yelp,1,0.5423562416128632,1,0.3061935305595398,0,0.9122511,1
sentence_7e00effc890cf9203fea5dbdcfab46a5b16c1b25893b993437722f28b5908ad2,imdb,1,0.7118793260980271,1,0.8260378241539001,1,0.08336783,0
sentence_8066b9a75358a5ac5f372643316cd01862052277e426da389c466eac90345281,amazon,0,0.36127975596132256,0,0.5728300213813782,1,0.015047024,0
sentence_81d9067b371d952fbbeda34c9431202d711f9db702e616fff13b4eb76ce78270,imdb,0,0.4459710537838445,0,0.797522783279419,1,0.009018362,0
sentence_8250e24b18102a21a7d61eabf4ec49e6f8d3c80b25ab1e228f1fd71a00c42f32,yelp,0,0.6128044891312727,1,0.59208744764328,1,0.012130969,0
sentence_83ddc71109dd041cefff52ea8655f11ac2e8f138f8db17adfc8f521d3122b483,amazon,0,0.6037253217880102,1,0.6442797780036926,1,0.008510314,0
sentence_83e0bf78bc61f359b4b277e6ad032bc00e5c1c64e728a8702c86eb1d26329132,yelp,1,0.526167744951511,1,0.3084481358528137,0,0.9757901,1
sentence_85b55c3c9caed3c9503448fa5bf039fddb7e84f42df57f6d34849850a797f123,imdb,0,0.4836795031122535,0,0.5602818131446838,1,0.009466227,0
sentence_862a449456ff7cb3ea61c9dbf7d4d6c708de505e70d72cc45719f0599a681649,amazon,0,0.44211463330460743,0,0.8420171737670898,1,0.028779456,0
sentence_862f622bfd098a95226c95c02b2ca8d2a865016b062e6d7f059257a9776652c2,yelp,1,0.21580976295999518,0,0.19167928397655487,0,0.87767655,1
sentence_8848e279465fa301e54e83cf2bb8236ea6f7bf4f396d01ca1e933d2e77d5c4cb,yelp,1,0.6011168816801622,1,0.23127400875091553,0,0.98281294,1
sentence_8943cd6c56afb6d4cc455a843e63f47dc2135693e5693eab50de371735d72c58,yelp,1,0.6712331167668559,1,0.30072104930877686,0,0.9908337,1
sentence_89639620d5bf8deba3c5cd4199cc9be0105bdd7e9ce8d78812e93ce74919f6ce,imdb,0,0.451050029129955,0,0.5387078523635864,1,0.016870858,0
sentence_8a8c78c7a10951c9b49056cda2ee366da33d7364dfeb355850f57f3fad2507fe,yelp,1,0.42202256569109237,0,0.13220956921577454,0,0.99268395,1
sentence_8def87aef8100e8033ecace225fa075f10916e2b5af9f967c3e9d56ff85f3b2f,amazon,0,0.40958962027297857,0,0.7248212099075317,1,0.008288391,0
sentence_8f4deb8ff6dba95a00a4561c6e5aaa6033c1b96f3a02a832aae1b4fb7bf4f97f,imdb,0,0.6558289465674687,1,0.40402141213417053,0,0.13506019,0
sentence_901a0c2f1d4bbcb24422249f3c1724dd30d031bd0493a365116ed517d637b00d,yelp,0,0.19601101030232057,0,0.15051506459712982,0,0.59085304,1
sentence_906def07b3dc6f0c090026eebab8497a221a0fc8dc292f997c7959cd1e6d3e4c,yelp,0,0.3421289134549327,0,0.518414318561554,1,0.01320548,0
sentence_909fd32235b8fcaa9e7500ca40a9b21c5466f7296a985adb79f746e4ae62a466,yelp,1,0.527488075716462,1,0.29442358016967773,0,0.9819787,1
sentence_90c3f23a7679d0c53e709b610351acf042392fd05fafa622275cfc693fb2de20,amazon,0,0.40444279431155367,0,0.8197522759437561,1,0.015496379,0
sentence_925bd6be0bf41957ea8fa9fd916ca0e781f347a77bea4c7abff8f4b5656e20c7,amazon,0,0.4370483983541782,0,0.5726127028465271,1,0.008149662,0
sentence_94da85d86ee1a9d3b50196811dd2bdcf0b73c7ff6f596bd1af6639085b34824d,yelp,0,0.4248630092435635,0,0.8148646950721741,1,0.7117069,1
sentence_958e3d04e516d0feb60bda22080f7cc9046e5ac4817ca61028390284497f42a2,imdb,1,0.6977263851603447,1,0.46473556756973267,0,0.9954509,1
sentence_96c906cb9ea6b1a973acbcdc4b551461f6b54df04182c915814095b1bc03bd9a,amazon,0,0.34673790252299574,0,0.54990553855896,1,0.017362472,0
sentence_96d1b2dc63fcbe9819665400745162a18c5be823fd0fb2a05fcd95c7e94d793a,yelp,0,0.5531215291224441,1,0.3231562077999115,0,0.017979138,0
sentence_9757dde30383110ed105afcfe7248307ff9ae33ceefa1727dc97582cabdd977f,imdb,0,0.5130185669378757,1,0.5099247097969055,1,0.009137847,0
sentence_98515c491b2b495cce7536646b9d1cf520c9310ef1cf9ba438f9b29231432836,imdb,1,0.5431695319286352,1,0.6746265292167664,1,0.26888818,0
sentence_9af315a643a5fef5e5fedbf667db6464bdb604f857047247d78fa30c1bcab9cd,amazon,1,0.650891247185553,1,0.4386652112007141,0,0.99355197,1
sentence_9eedd6448885a9c187f75e711759f7b266cb6f994213fbb8c71cbd2e946c015a,yelp,0,0.39875390964589963,0,0.07791046798229218,0,0.591977,1
sentence_9f1f09b7b841e46b5100a17a683c3259be36402def7290a775a6c56e12a7b0f4,yelp,0,0.5980378952033965,1,0.8033313751220703,1,0.007930417,0
sentence_a109e0153dc6a35a6b97da5c89b0961858701aa1923e1a0b8f42bbe09a5358c1,amazon,0,0.6156810782846773,1,0.5785016417503357,1,0.017420132,0
sentence_a1d46640d3108e3245abcdb2f77e72b6c40d2b05f5bbbac9e2d7ed2135b2a5a0,amazon,0,0.44871374382935736,0,0.527655303478241,1,0.016969347,0
sentence_a1d6de9795b3c3e9bdae4d6e2e6432e76de6727bd546a7e8158478065a1fd10a,imdb,0,0.5314132812760003,1,0.8355921506881714,1,0.008446729,0
sentence_a23f925512a4df22870db93b36465a1cd1306cf961695c64a47d1c8c2afaf1cf,imdb,1,0.3887863664381836,0,0.12219200283288956,0,0.9605767,1
sentence_a3853eae2abb137f5ba50a4b2ea92c9c4838a08087ff7d08ed5d59fc3d60becb,imdb,0,0.4835316009406685,0,0.6209949254989624,1,0.94628644,1
sentence_a56aa5ae1eb1f336b53e7dbaf6f81bbbea40eb8328a361c506594430ed903a56,imdb,0,0.40840959809123695,0,0.7132294178009033,1,0.01478552,0
sentence_a71ae5f4b8d2e08f4745b3a94042de96a417058a5327a67caaab5cd3e9b523d2,amazon,0,0.6051347296002679,1,0.15646345913410187,0,0.012976969,0
sentence_a76f9bf0c4b0749be9d7eade076e1afe889aa8d37fdbe0c67449d729189ea3ec,imdb,0,0.17047575059131417,0,0.5202080011367798,1,0.008574218,0
sentence_a9d84b091a8ae68b7b1e4212ec21be3ff5dbb77d10ab73be23915bb6d13a80a5,imdb,0,0.6469585963690688,1,0.6013522744178772,1,0.02760857,0
sentence_a9d90914dd98662723536e1563210ecddde65eff3441a029a6b2c25a90c068b4,amazon,0,0.2118281330205131,0,0.5944357514381409,1,0.007998022,0
sentence_aa3ddb6f12c2d0c97950dbd7aca0d16561550cf18d64577816497fc1fe40a460,amazon,1,0.33711062692238575,0,0.16736045479774475,0,0.92534596,1
sentence_aa98e891910b248a240d55edee4d8f1c57a142845677cbfbbd4f5e1a15321010,imdb,1,0.3458216881643908,0,0.3773418962955475,0,0.63526654,1
sentence_ab6ef20d43d2e6043a9eb5c34923df0545fdac5d267b1a82b68b3e56dc556e4c,imdb,1,0.5838346057957959,1,0.325181245803833,0,0.99494874,1
sentence_af6161814ee2d6cc1a2135c92b780fbbc8235adeeae22aee2ab1c09e598d2316,imdb,0,0.4278877551154614,0,0.6668642163276672,1,0.011614615,0
sentence_afe47fb663ca73897166314b289504e6bf551a08e32b413e80027c42842d9a35,amazon,1,0.563669799422994,1,0.4737890660762787,0,0.99487936,1
sentence_b12b0f33bce4edfde9e201e06b4c72342e7bf49f8ada18d9cebe49dd448acd8d,imdb,1,0.31056312207205033,0,0.5094276666641235,1,0.9641175,1
sentence_b197ce4dda867a7087d969919040ac8d06d727b954aff80cfdf4d1a4d4c9d2cb,amazon,1,0.5295353235628693,1,0.44909554719924927,0,0.9948979,1
sentence_b2352a71277706ece6c47f0fec2ce165f52fea820edb91a4032839393360adc2,imdb,1,0.5810884751950425,1,0.6084399819374084,1,0.035607778,0
sentence_b454e550091bd40b9568c3134d324129f071a11291c7270b19511b3638994fa2,amazon,0,0.373163862636891,0,0.5387172698974609,1,0.008076884,0
sentence_b5a543cc3bc4c772c3d949751dff5c653129ed381dfb32e3bbb4cea516910999,amazon,0,0.5855754449364541,1,0.810542106628418,1,0.019331276,0
sentence_b6671bf99094098497b07d1e2d72fd328f9f1728c93168c1ca9aa88bc2467640,imdb,0,0.26443945192469415,0,0.43465352058410645,0,0.64973974,1
sentence_ba1d08bca53876c1be4bc589c1c89f23ee3fbb56c0f16c182668600bb5c57a94,imdb,1,0.6726720663756232,1,0.4995194673538208,0,0.9938061,1
sentence_ba73c655861245c59dd8567e4f24f95b9fa42edee7ed57c5abc7da94b73462af,yelp,0,0.4444535191759991,0,0.8427701592445374,1,0.0120837195,0
sentence_ba9c00a396bf9777d5bf1027b1ad2fb2d587a9a754ed48151c71cfc69a1e5923,imdb,1,0.43216058391490964,0,0.4615314304828644,0,0.9928207,1
sentence_bac89235c814a6702bbccdbed89d459178b693f9e95e4e3322aae0423c565403,imdb,1,0.5558173084466339,1,0.40931767225265503,0,0.5384671,1
sentence_bb13dfad966482b2a424f9a024042f019519deaca9f9fa709d2f3d0d3e71543d,amazon,0,0.3346452692039287,0,0.51417475938797,1,0.022540782,0
sentence_be6b3fc58da2a25189a85242d84c77f6e1681eea8609dd423b3cfc29ac1503ce,yelp,0,0.408509714158452,0,0.6619999408721924,1,0.007734085,0
sentence_bed7588c5fa71f79bcd67e3103f3cb6e438e389bc1acba3e8a7ee041e23c1e33,amazon,1,0.4958819446267187,0,0.6693115830421448,1,0.9923718,1
sentence_bfa726510772c331bd9897afbc715152a59dc0b9b09caf3a69e192fd3e331ac5,yelp,1,0.668298411685256,1,0.49529537558555603,0,0.9950335,1
sentence_c0996ec96ffd2cc0f13d8400668169ab7ecc7656c88d45bbf5efdc98d067b868,imdb,1,0.6070078542656997,1,0.3211136758327484,0,0.99310803,1
sentence_c2b900337662eec0f35314cbbeb7c4a0d061704ba2465eb5239073cfcf3a5f61,imdb,0,0.600673216246172,1,0.4740324914455414,0,0.007796426,0
sentence_c56bb1fb66b276c33195ce6af077057e2c37512fc128930c053b6b2d8f4b2dd6,yelp,0,0.4158072329232393,0,0.3720925748348236,0,0.799847,1
sentence_c5952602307d982f65dc59167f4599222b9253980f8d741120288262fd7d3586,yelp,1,0.5474414048120844,1,0.4271649420261383,0,0.9953017,1
sentence_c6e56ee65d4326a633bae3a8bfdfd253594220edf5c1841b7c48b80096b6b8ae,yelp,1,0.6946022904102069,1,0.3250595033168793,0,0.9947213,1
sentence_c84dbc0f689225bdfbc78224e18aa8e50b2b8d734377831a7750e834d5bb9340,imdb,0,0.6011293708023271,1,0.7434200048446655,1,0.010283806,0
sentence_c8557f5a919376dde1196fd9c946838dd53852d9590d0dab44c974ce9b840743,yelp,1,0.5123863815233815,1,0.45102837681770325,0,0.9948008,1
sentence_c8cbfcd0a9310de4793d3e14f86d636eaa90ab791fb8a78b05f76deb252d428a,yelp,1,0.6880085820302929,1,0.29645562171936035,0,0.9956867,1
sentence_c94ae111a9337bf3fcbe0c610b9bf9ed5f181448657ba0c127d8ad0871f8e3e4,amazon,1,0.5576779824888994,1,0.4251668453216553,0,0.97675234,1
sentence_c9960029834c5aedddf81bbf3d992967b505c88133848bd60e56c25fe305e006,amazon,0,0.7028027990253884,1,0.2838294506072998,0,0.017800627,0
sentence_cb5714eea3a582c052d34c769becdac4b3209bb63a50a81f71fca9c189f144d6,imdb,0,0.4720997412510928,0,0.563755452632904,1,0.009472944,0
sentence_cc0a3ddaa8ba11de8586464ad5fc49ffc4fafb23c762c03d066a70e734e5067e,imdb,0,0.43847516246532925,0,0.7280358076095581,1,0.0075385845,0
sentence_cc1fa213ae00c24774b44a2e2086c716797afc6e9d2319fb5d8aaab51374632c,yelp,0,0.3902492852928805,0,0.5600326657295227,1,0.5777199,1
sentence_cc977b6452e7274bca2518876913556399d41e98d90b95251dda917588fe6d18,amazon,1,0.5236004183507583,1,0.7464079260826111,1,0.013870175,0
sentence_cccd1846094000bdee6caf192761f0b257b08384df942ac89c2db81807f4a0a8,imdb,0,0.6450884034515818,1,0.9036959409713745,1,0.016279386,0
sentence_cda6fe887bcb809d3c20725232f9c2f616b39254126fdc9833b867d12d158df2,yelp,1,0.5339236652625307,1,0.3393280804157257,0,0.9635257,1
sentence_cf8a827143d952173014dee782af95c232e0ef6ce6cd66292c4dd32a43a0d1af,imdb,0,0.7859409226064658,1,0.8972777128219604,1,0.027306704,0
sentence_d150362d1cc744c9d595c1c6fb887bac57133f8bd72d568c35104f7594131a0c,imdb,1,0.4668095012920564,0,0.33120569586753845,0,0.99429613,1
sentence_d1f0ca9f1b0e6fb3309d136eb2a1ad59f01befd9c62b2ee86e22eaa2687e07c1,imdb,0,0.5554454389742738,1,0.5828901529312134,1,0.008522183,0
sentence_d23563e388f2c50fde8132f1cc0c0130cfef8112fca9629e14afe65f6dcc8fa3,imdb,0,0.4073342612783764,0,0.5844530463218689,1,0.015067548,0
sentence_d23caae3917479c1e32edd26d6866af35e03a58dff9a686c0f644e1794f353bb,amazon,1,0.5852899794523181,1,0.4913155734539032,0,0.9946672,1
sentence_d357658ca3551c88ce67d42d5f3117e87aa9757b76df3a4778713f5a9e46de7b,imdb,1,0.5234745606759472,1,0.4364834129810333,0,0.9938134,1
sentence_d3ed59b9cdc475ac7e197af9a42668d31ad85c4829fe1099e5b439f373894786,amazon,0,0.46836270775050715,0,0.531004786491394,1,0.011858277,0
sentence_d5e081adccdb7357452bef645823730828b04dd01f078653ba6bc3d50b48ccb1,yelp,0,0.20555216069592588,0,0.26949527859687805,0,0.86724895,1
sentence_d70226d97e29a52a1ff77dc8cd08ba0450898591072f409bd1a2d3818cbb160c,imdb,1,0.5322194254283096,1,0.3372943699359894,0,0.98515564,1
sentence_d758ad4d1adc2463cf3c0dcaec28d98ac23ed327006ece7c26923b85a98b261e,yelp,1,0.3952203413460698,0,0.3930298388004303,0,0.56712717,1
sentence_d988cb5844fc8addfe64065bbaae4813e3318407a2aa8fbe2cd0831e87e42f6c,imdb,0,0.39572545821857663,0,0.5118421316146851,1,0.009496082,0
sentence_da4937b26fef671c11bcfa34a27e3366087334433970c5c93b3d655e2d6855ec,amazon,1,0.5068347212544458,1,0.316201776266098,0,0.47929227,0
sentence_e2201192d01ced577800d8a245de9ca6f928653e0c43de546aed9ca4ed193589,amazon,0,0.3622869389011113,0,0.06260429322719574,0,0.73199713,1
sentence_e3312a193451307bbebccbb2db3339e42088362d90b8ce1fe3ba54274113388b,imdb,1,0.4958062839406124,0,0.6078062653541565,1,0.9933548,1
sentence_e3a04a78a6c17df07c9dbaf2a2f0fb91cb01e9f1594a8c56a402a17c0095d5a0,yelp,1,0.49317099781301255,0,0.5471530556678772,1,0.98883736,1
sentence_e40e0e5b3ded8449a14efbb0384005146dd07d3e75762722d50dbb60ec2af7a1,yelp,0,0.49993793214679366,0,0.6129446029663086,1,0.0090294145,0
sentence_e47d79818762feadff1462c1ce15364b46eee22e08011bfc5d5aaf0fab3d16db,yelp,0,0.3512492308229936,0,0.6459842324256897,1,0.011549893,0
sentence_e5251c9a0266bff2ecccaa93aa0807918b9f849ef3eca56af5dc411a93d82583,imdb,1,0.37213599226242283,0,0.1768651306629181,0,0.9795274,1
sentence_e848bc3bdd07e6c09f5ba7bf5f5bf74a87474d5e0fad845d981fa8bb5bb036c3,yelp,1,0.6224374239231377,1,0.8645304441452026,1,0.07328911,0
sentence_ea08c5cd8ad194006a5fa56790bfd255efa43c45842b8329c46feefcd614a074,amazon,0,0.35554983045322286,0,0.55650395154953,1,0.009961885,0
sentence_f1aa1fd5ff1ba6b71808eee6bbb6ac157f983b942690c8eb211d36be48a41733,imdb,1,0.6024087678272264,1,0.43518126010894775,0,0.99364483,1
sentence_f21fdb60c26ed4bcedb28eea57f86f3a184acbb0e564558204d676092288318f,yelp,1,0.5633479133573346,1,0.47878149151802063,0,0.99476177,1
sentence_f25b6323b9c250a89b2cebcdc62eeb6748afd242d736c39b251621d83578f827,amazon,1,0.6259064126064043,1,0.1873675435781479,0,0.98890007,1
sentence_f2a967ca0176c22d5d8249057771d70987b40248b0e5af7529ab7abc526a2a37,imdb,1,0.47056705885356126,0,0.4933653473854065,0,0.9741504,1
sentence_f2cb02cf3594e8f92752587033899c5f18fd2ffc5e8bcb731001930dd75240f0,yelp,1,0.5908599341453872,1,0.3755088448524475,0,0.99513984,1
sentence_f3c8f2c7dce259a7199530e06afc579abd761e601aafc531612b8c7b2c13c969,imdb,1,0.6351731297215983,1,0.4109290540218353,0,0.9940878,1
sentence_f86dbf09f05d110094c1a33adfb3dbfdcd94d8f88a0833630f7b2ab3c85a6ca7,yelp,0,0.48766682035860587,0,0.37741944193840027,0,0.9897565,1
sentence_fa093592aa331dd503099e6e7727d21731999938ca3cb06b55e711509e44590d,amazon,0,0.43304784721862005,0,0.3929278254508972,0,0.5699293,1
sentence_fa3da0cf8e6258ac7492082d4d754500bb6b95958903879c9e1f5c1197e930f5,yelp,1,0.37430311307705405,0,0.589950442314148,1,0.022751587,0
sentence_faa8a97535a296b0f2d23e116301432fa22e95b6782864944e49b29ae10225de,imdb,1,0.46575465928424725,0,0.3156387209892273,0,0.99431425,1
sentence_faf488f0c84567d43de305a1135d9063b3229e9b8a759a84220d36e5b160a373,yelp,1,0.6835625654200441,1,0.10685408115386963,0,0.99459004,1
sentence_fcf8235fa05615bf60612fcc79ff55a4bea9af284bfa1a10b633686e3f962afd,amazon,0,0.39865283664215384,0,0.5718387365341187,1,0.011366181,0
sentence_fe2344599150b1afdfe86271f6072e961c0f8eb84f1ecbce38630e262684f9e7,imdb,1,0.466573224487117,0,0.6528470516204834,1,0.9298506,1
sentence_feca1f1afad9ac05848e167872e2924b6a392e72f8948a585369539050ddba18,yelp,0,0.5159292263732713,1,0.599517822265625,1,0.018137954,0
sentence_ffed1ddcd8aadf891020f1c6701500421c220ddb221fe304dbb787b7c2e485af,amazon,0,0.5566162608727989,1,0.7499196529388428,1,0.008747274,0
